{
    "bearingSH.stl": [
        [
            -23.0,
            -11.0,
            -10.0
        ],
        [
            0.0,
            11.0,
            26.897
        ]
    ],
    "spacer.stl": [
        [
            0.0,
            -6.0,
            -6.0
        ],
        [
            1.0,
            6.0,
            6.0
        ]
    ],
    "spacer3mm.stl": [
        [
            0.0,
            -5.75,
            -5.75
        ],
        [
            3.0,
            5.75,
            5.75
        ]
    ],
    "spacer4mm.stl": [
        [
            0.0,
            -5.75,
            -5.75
        ],
        [
            4.0,
            5.75,
            5.75
        ]
    ],
    "roller.stl": [
        [
            -25.0,
            -25.0,
            0.0
        ],
        [
            25.0,
            25.0,
            92.0
        ]
    ],
    "ecrou.stl": [
        [
            -0.000823021,
            -16.0,
            -16.0
        ],
        [
            18.0068,
            16.0,
            16.0
        ]
    ],
    "nut.stl": [
        [
            -0.00066185,
            -16.0,
            -16.0
        ],
        [
            18.0,
            16.0,
            16.0
        ]
    ],
    "nut_M8.stl": [
        [
            -0.00066185,
            -16.0,
            -16.0
        ],
        [
            18.0,
            16.0,
            16.0
        ]
    ],
    "bearingSH_M8.stl": [
        [
            -23.0,
            -11.0,
            -10.0
        ],
        [
            0.0,
            11.0,
            26.897
        ]
    ],
    "bearingSH_5_16.stl": [
        [
            -23.0,
            -11.0,
            -10.0
        ],
        [
            0.00238705,
            11.0,
            26.897
        ]
    ],
    "nut_5_16.stl": [
        [
            -0.000795364,
            -16.0,
            -16.0
        ],
        [
            18.0067,
            16.0,
            16.0
        ]
    ]
}